<addon id="repository.saikorepo" name="saikohayn repo" version="1.0" provider-name="saikohayn">
	<extension point="xbmc.addon.repository" name="Saikohayn Addon Repository">
		<info compressed="false">https://raw.githubusercontent.com/saikohayn/repo/master/addons.xml</info>
		<checksum>https://raw.githubusercontent.com/saikohayn/repo/master/addons.xml.md5</checksum>
		<datadir zip="true">https://raw.githubusercontent.com/saikohayn/repo/master/</datadir>
	</extension>
	<extension point="xbmc.addon.metadata">
		<summary>Must have addons.</summary>
		<description>Download and install saikohayn's favorite addons!</description>
		<platform>all</platform>
	</extension>
</addon>