﻿<addon id="repository.saikorepo" name="saikohayn Add-on repository" version="1.0" provider-name="saikohayn">
	<extension point="xbmc.addon.repository" name="saikohayn Add-on repository">
		<info compressed="false">http://saikorepo.16mb.com/zips/addons.xml</info>
		<checksum>http://saikorepo.16mb.com/zips/addons.xml.md5</checksum>
		<datadir zip="true">http://saikorepo.16mb.com/zips/</datadir>
	</extension>
	<extension point="xbmc.addon.metadata">
		<summary lang="en">Saikohayn's favorite add-ons for Kodi.</summary>
		<description lang="en">Install and enjoy, thanks to the developers of these awesome add-ons.</description>
		<platform>all</platform>
	</extension>
</addon>