<addon id="plugin.video.HITV" name="Hawaii TV" version="1.0" provider-name="saikohayn">
    <requires>
		<import addon="xbmc.python" version="2.14.0"/>
        <import addon="script.module.beautifulsoup" version="3.0.8"/>
	</requires>
	<extension point="xbmc.python.pluginsource" library="addon.py">
		<provides>video</provides>
	</extension>
	<extension point="xbmc.addon.metadata">
		<platform>all</platform>
		<summary>Hawaii TV</summary>
		<description>Live streams of local news and sports of Hawaii.</description>
	</extension>
</addon>