<?xml version="1.0" encoding="UTF-8" standalone="yes"?>
<addon id="plugin.video.ccloudtv"
       name="cCloud TV"
       version="1.3.5"
       provider-name="podgod">
  <requires>
    <import addon="xbmc.python" version="2.1.0"/>
    <import addon="script.module.beautifulsoup" version="3.2.1"/>
    <import addon="script.module.simple.downloader" version="0.9.4"/>
    <import addon="script.module.beautifulsoup4" />
    <import addon="script.module.simple.downloader" version="0.9.4"/>
    <import addon="script.module.requests" />
    <import addon="script.module.httplib2" />
    <import addon="script.module.youtube.dl" optional="true"/>
    <import addon="plugin.video.youtube" />
    <import addon="script.module.urlresolver" optional="true"/>
    <import addon="script.module.simplejson" />    
  </requires>
  <extension point="xbmc.python.pluginsource" library="default.py">
    <provides>video</provides>
  </extension>
  <extension point="xbmc.addon.metadata">
    <summary>All the best from cCloud TV</summary>
    <description>
	[COLOR yellow]http://ccloudtv.org[/COLOR] cCloud Popcorntime for LIVE TV, an open source project. Just click, play and stream because IPTV just got simple and easy :)
    </description>
	<license>http://www.gnu.org/licenses/</license>
    <forum>http://ccloudtv.org/forum</forum>
    <website>http://ccloudtv.org</website>
    <email></email>
    <platform>all</platform>
  </extension>
</addon>
