<addon id="repository.zeus" name="[COLOR black].[/COLOR][COLOR yellow]ZEUS [/COLOR][COLOR white]Repository[/COLOR]" version="1.1.0" provider-name="ZEUS">
	<extension point="xbmc.addon.repository" name="[COLOR black].[/COLOR][COLOR yellow]ZEUS [/COLOR][COLOR white]Repository[/COLOR]">
        <info compressed="false">http://repo.zeusrepo.com/addons.xml</info>
		<checksum>http://repo.zeusrepo.com/addons.xml.md5</checksum>
		<datadir zip="true">http://repo.zeusrepo.com/zips</datadir>
	</extension>
	<extension point="xbmc.addon.metadata">
		<summary>ZEUS KODI XBMC ADDON From Hakamac</summary>
		<description>For Support and news go to http://zeus.video</description>
		<platform>all</platform>
	</extension>
</addon>