<?xml version="1.0" encoding="UTF-8" standalone="yes"?>
<addon id="script-tvguidetecbox"
       name="iVue"
       version="6.0.25"
       provider-name="Addon CEASED">
  <requires>
    <import addon="xbmc.python" version="2.1.0"/>
  </requires>
       <extension point="xbmc.python.pluginsource"
       library="default.py">
    <provides>video</provides>
  </extension>
       <extension point="xbmc.addon.metadata">
    <summary lang="en">iVue</summary>
    <language>en</language>
    <description lang="en">This addon will no longer be supported.</description>
     <platform>all</platform>
  </extension>
</addon>