<?xml version="1.0" encoding="UTF-8" standalone="yes"?>
<addon id="plugin.video.newkidstv"
	name="New Kids Tv"
	version="1.2.1"
	provider-name="@random_robbie">
  <requires>
    <import addon="xbmc.python" version="2.1.0"/>
    <import addon="script.module.addon.common" version="2.0.0"/>
    <import addon="plugin.video.youtube" version="5.0.0"/>
  </requires>
  <extension point="xbmc.python.pluginsource" library="default.py">
    <provides>video</provides>
  </extension>
  <extension point="xbmc.addon.metadata">
    <summary lang="en">Baby and Kids TV Shows</summary>
    <description lang="en">Plenty Of Kids TV Shows they will all love!</description>
    <platform>all</platform>
    <forum>n/a</forum>
    <website>n/a</website>
  </extension>
</addon>
